{
    "loss": 0.03761478140950203,
    "accuracy": 0.9640287756919861
}